{"cameraMode":{"drawMode":0,"name":"Shaded","section":"Shading Mode"},"sceneLighting":true,"audioPlay":false,"sceneViewState":{"m_AlwaysRefresh":false,"showFog":true,"showSkybox":true,"showFlares":true,"showImageEffects":true,"showParticleSystems":true,"showVisualEffectGraphs":true,"m_FxEnabled":true},"in2DMode":false,"pivot":{"x":1.166816234588623,"y":0.5370883941650391,"z":1.2820608615875245},"rotation":{"x":-0.00242190551944077,"y":-0.9760888814926148,"z":0.21724633872509004,"w":-0.010835685767233372},"size":1.8139874935150147,"orthographic":false}